name,ID,description,collection layers,platforms,created,modified,type,version,url,contributors,name_zh,description_zh
Active Directory,DS0026,"A database and set of services that allows administrators to manage permissions, access to network resources, and stored data objects (user, group, application, or devices)(Citation: Microsoft AD DS Getting Started)","Cloud Control Plane, Host","Azure AD, Windows",20 October 2021,,datasource,1.0,https://attack.mitre.org/datasources/DS0026,Center for Threat-Informed Defense (CTID),活动目录,一个数据库和一组服务，允许管理员管理权限，访问网络资源以及存储的数据对象（用户，组，应用程序或设备）（引用：Microsoft AD DS启动）
Active Directory: Active Directory Credential Request,,"A user requested active directory credentials, such as a ticket or token (ex: Windows EID 4769)",,,20 October 2021,,datacomponent,1.0,,,Active Directory：Active Directory凭据请求,用户请求Active Directory凭据，例如票证或令牌（例如：Windows EID 4769）
Active Directory: Active Directory Object Access,,"Opening of an active directory object, typically to collect/read its value (ex: Windows EID 4661)",,,20 October 2021,,datacomponent,1.0,,,Active Directory：Active Directory对象访问,打开Active Directory对象，通常要收集/读取其值（例如：Windows Eid 4661）
Active Directory: Active Directory Object Creation,,Initial construction of a new active directory object (ex: Windows EID 5137),,,20 October 2021,,datacomponent,1.0,,,Active Directory：Active Directory对象创建,新的Active Directory对象的初始构造（例如：Windows EID 5137）
Active Directory: Active Directory Object Deletion,,Removal of an active directory object (ex: Windows EID 5141),,,20 October 2021,,datacomponent,1.0,,,Active Directory：Active Directory对象删除,删除Active Directory对象（例如：Windows EID 5141）
Active Directory: Active Directory Object Modification,,Changes made to an active directory object (ex: Windows EID 5163 or 5136),,,20 October 2021,,datacomponent,1.0,,,Active Directory：Active Directory对象修改,对Active Directory对象进行的更改（例如：Windows EID 5163或5136）
Application Log,DS0015,"Events collected by third-party services such as mail servers, web applications, or other appliances (not by the native OS or platform)(Citation: Confluence Logs)","Cloud Control Plane, Host","Google Workspace, IaaS, Linux, Office 365, SaaS, Windows, macOS",20 October 2021,,datasource,1.0,https://attack.mitre.org/datasources/DS0015,,应用程序日志,由邮件服务器，Web应用程序或其他设备等第三方服务收集的事件（不是本机OS或平台）（引用：Confluence Logs）
Application Log: Application Log Content,,"Logging, messaging, and other artifacts provided by third-party services (ex: metrics, errors, and/or alerts from mail/web applications)",,,20 October 2021,,datacomponent,1.0,,,应用程序日志：应用程序日志内容,第三方服务提供的记录，消息传递和其他工件（例如：邮件/Web应用程序中的指标，错误和/或警报）
Certificate,DS0037,"A digital document, which highlights information such as the owner's identity, used to instill trust in public keys used while encrypting network communications",OSINT,PRE,20 October 2021,,datasource,1.0,https://attack.mitre.org/datasources/DS0037,,证书,一个数字文档，突出显示了诸如所有者身份之类的信息，用于在加密网络通信时灌输使用的公共密钥
Certificate: Certificate Registration,,Queried or logged information highlighting current and expired digital certificates (ex: Certificate transparency),,,20 October 2021,,datacomponent,1.0,,,证书：证书注册,查询或记录的信息突出显示当前和过期的数字证书（例如：证书透明度）
Cloud Service,DS0025,"Infrastructure, platforms, or software that are hosted on-premise or by third-party providers, made available to users through network connections and/or APIs(Citation: Amazon AWS)(Citation: Azure Products)",Cloud Control Plane,"Azure AD, Google Workspace, IaaS, Office 365, SaaS",20 October 2021,,datasource,1.0,https://attack.mitre.org/datasources/DS0025,Center for Threat-Informed Defense (CTID),云服务,通过网络连接和/或API（引用：Amazon AWS）提供了托管本地或第三方提供商的基础架构，平台或软件（引用：Azure Products）
Cloud Service: Cloud Service Disable,,Deactivation or stoppage of a cloud service (ex: AWS Cloudtrail StopLogging),,,20 October 2021,,datacomponent,1.0,,,云服务：云服务禁用,停用云服务的停用或停止（例如：AWS CloudTrail Stoplogging）
Cloud Service: Cloud Service Enumeration,,An extracted list of cloud services (ex: AWS ECS ListServices),,,20 October 2021,,datacomponent,1.0,,,云服务：云服务枚举,提取的云服务列表（例如：AWS ECS列表服务）
Cloud Service: Cloud Service Metadata,,"Contextual data about a cloud service and activity around it such as name, type, or purpose/function",,,20 October 2021,,datacomponent,1.0,,,云服务：云服务元数据,有关云服务及其活动的上下文数据，例如名称，类型或目的/功能
Cloud Service: Cloud Service Modification,,"Changes made to a cloud service, including its settings and/or data (ex: AWS CloudTrail DeleteTrail or DeleteConfigRule)",,,20 October 2021,,datacomponent,1.0,,,云服务：云服务修改,对云服务的更改，包括其设置和/或数据（例如：AWS CloudTrail Deletetrail或DeleteConfigrule）
Cloud Storage,DS0010,"Data object storage infrastructure hosted on-premise or by third-party providers, made available to users through network connections and/or APIs(Citation: Amazon S3)(Citation: Azure Blob Storage)(Citation: Google Cloud Storage)",Cloud Control Plane,IaaS,20 October 2021,,datasource,1.0,https://attack.mitre.org/datasources/DS0010,Center for Threat-Informed Defense (CTID),云储存,数据对象存储基础架构托管了本地或第三方提供商，通过网络连接和/或API提供给用户可用于用户（引用：Amazon S3）（引用：Azure Blob Storage）（引用：Google Cloud Cloud Storage）
Cloud Storage: Cloud Storage Access,,"Opening of a cloud storage infrastructure, typically to collect/read its value (ex: AWS S3 GetObject)",,,20 October 2021,,datacomponent,1.0,,,云存储：云存储访问,打开云存储基础架构，通常用于收集/读取其值（例如：AWS S3 getObject）
Cloud Storage: Cloud Storage Creation,,Initial construction of new cloud storage infrastructure (ex: AWS S3 CreateBucket),,,20 October 2021,,datacomponent,1.0,,,云存储：云存储创建,新的云存储基础架构的初始构建（例如：AWS S3 CreateBucket）
Cloud Storage: Cloud Storage Deletion,,Removal of cloud storage infrastructure (ex: AWS S3 DeleteBucket),,,20 October 2021,,datacomponent,1.0,,,云存储：云存储删除,删除云存储基础架构（例如：AWS S3 DeleteBucket）
Cloud Storage: Cloud Storage Enumeration,,An extracted list of cloud storage infrastructure (ex: AWS S3 ListBuckets or ListObjects),,,20 October 2021,,datacomponent,1.0,,,云存储：云存储枚举,提取的云存储基础架构列表（例如：AWS S3 ListBuckets或ListObjects）
Cloud Storage: Cloud Storage Metadata,,"Contextual data about cloud storage infrastructure and activity around it such as name, size, or owner",,,20 October 2021,,datacomponent,1.0,,,云存储：云存储元数据,有关云存储基础架构及其周围活动的上下文数据，例如名称，大小或所有者
Cloud Storage: Cloud Storage Modification,,"Changes made to cloud storage infrastructure, including its settings and/or data (ex: AWS S3 PutObject or PutObjectAcl)",,,20 October 2021,,datacomponent,1.0,,,云存储：云存储修改,对云存储基础架构的更改，包括其设置和/或数据（例如：AWS S3 putobject或putobjectAcl）
Command,DS0017,"A directive given to a computer program, acting as an interpreter of some kind, in order to perform a specific task(Citation: Confluence Linux Command  Line)(Citation: Audit OSX)","Container, Host","Containers, Linux, Network, Windows, macOS",20 October 2021,,datasource,1.1,https://attack.mitre.org/data-sources/DS0017,"Austin Clark, @c2defense; Center for Threat-Informed Defense (CTID)",命令,为了执行特定任务（引用：Confluence Linux命令行）（引用：审核OSX）
Command: Command Execution,,"The execution of a line of text, potentially with arguments, created from program code (e.g. a cmdlet executed via powershell.exe, interactive commands like >dir, shell executions, etc. )",,,20 October 2021,,datacomponent,1.1,,,命令：命令执行,通过程序代码创建的一系列文本行执行（例如，通过powershell.exe执行的cmdlet，> dir，shell executions等执行的cmdlet）
Container,DS0032,A standard unit of virtualized software that packages up code and all its dependencies so the application runs quickly and reliably from one computing environment to another(Citation: Docker Docs Container),Container,Containers,20 October 2021,,datasource,1.0,https://attack.mitre.org/datasources/DS0032,Center for Threat-Informed Defense (CTID),容器,包装代码及其所有依赖项的虚拟软件的标准单元，因此该应用程序从一个计算环境中快速可靠地运行到另一个计算环境（引用：Docker Docs Container）
Container: Container Creation,,Initial construction of a new container (ex: docker create <container_name>),,,20 October 2021,,datacomponent,1.0,,,容器：创建容器,新容器的初始构造（ex：docker create <container_name>）
Container: Container Enumeration,,An extracted list of containers (ex: docker ps),,,20 October 2021,,datacomponent,1.0,,,容器：枚举容器,提取的容器清单（例如：Docker PS）
Container: Container Metadata,,"Contextual data about a container and activity around it such as name, ID, image, or status",,,20 October 2021,,datacomponent,1.0,,,容器：容器元数据,有关容器及其活动的上下文数据，例如名称，ID，图像或状态
Container: Container Start,,Activation or invocation of a container (ex: docker start or docker restart),,,20 October 2021,,datacomponent,1.0,,,容器：容器启动,激活或调用容器（例如：Docker Start或Docker重新启动）
Domain Name,DS0038,Information obtained (commonly through registration or activity logs) regarding one or more IP addresses registered with human readable names (ex: mitre.org),OSINT,PRE,20 October 2021,,datasource,1.0,https://attack.mitre.org/datasources/DS0038,,域名,获得的信息（通常是通过注册或活动日志获得的）有关以人类可读名称注册的一个或多个IP地址（例如：mitre.org）
Domain Name: Active DNS,,Queried domain name system (DNS) registry data highlighting current domain to IP address resolutions (ex: dig/nslookup queries),,,20 October 2021,,datacomponent,1.0,,,域名：活动DNS,查询域名系统（DNS）注册表数据突出显示当前域到IP地址分辨率（例如：dig/nslookup查询）
Domain Name: Domain Registration,,Information about domain name assignments and other domain metadata (ex: WHOIS),,,20 October 2021,,datacomponent,1.0,,,域名：域注册,有关域名分配和其他域元数据的信息（ex：whois）
Domain Name: Passive DNS,,Logged domain name system (DNS) data highlighting timelines of domain to IP address resolutions (ex: passive DNS),,,20 October 2021,,datacomponent,1.0,,,域名：被动DNS,已登录域名系统（DNS）数据突出显示域到IP地址分辨率的时间表（例如：无源DNS）
Drive,DS0016,"A non-volatile data storage device (hard drive, floppy disk, USB flash drive) with at least one formatted partition, typically mounted to the file system and/or assigned a drive letter(Citation: Sysmon EID 9)",Host,"Linux, Windows, macOS",20 October 2021,,datasource,1.0,https://attack.mitre.org/datasources/DS0016,Center for Threat-Informed Defense (CTID),驾驶,至少一个格式的分区，通常安装在文件系统和/或分配的驱动器字母（引用：sysmon Eid 9））中至少一个格式的分区，一种非易失性数据存储设备（硬盘，软盘，USB闪存驱动器）
Drive: Drive Access,,Opening of a data storage device with an assigned drive letter or mount point,,,20 October 2021,,datacomponent,1.0,,,驱动器：驱动器访问,打开带有分配的驱动器或安装点的数据存储设备
Drive: Drive Creation,,Initial construction of a drive letter or mount point to a data storage device,,,20 October 2021,,datacomponent,1.0,,,驱动器：创建驱动器,最初的驱动字母或安装点指向数据存储设备的构造
Drive: Drive Modification,,Changes made to a drive letter or mount point of a data storage device,,,20 October 2021,,datacomponent,1.0,,,驱动器：驱动器修改,对数据存储设备的驱动字母或安装点进行的更改
Driver,DS0027,"A computer program that operates or controls a particular type of device that is attached to a computer. Provides a software interface to hardware devices, enabling operating systems and other computer programs to access hardware functions without needing to know precise details about the hardware being used(Citation: IOKit Fundamentals)(Citation: Windows Getting Started Drivers)",Host,"Linux, Windows, macOS",20 October 2021,,datasource,1.0,https://attack.mitre.org/datasources/DS0027,Center for Threat-Informed Defense (CTID),司机,操作或控制连接到计算机的特定类型的设备的计算机程序。为硬件设备提供软件接口，启用操作系统和其他计算机程序来访问硬件功能，而无需了解有关所使用的硬件的精确详细信息（引用：IOKIT基础）（引用：Windows入门驱动程序）
Driver: Driver Load,,Attaching a driver to either user or kernel-mode of a system (ex: Sysmon EID 6),,,20 October 2021,,datacomponent,1.0,,,驱动程序：驱动程序负载,将驱动程序附加到系统的用户或内核模式（例如：Sysmon Eid 6）
Driver: Driver Metadata,,"Contextual data about a driver and activity around it such as driver issues reporting or integrity (page hash, code) checking",,,20 October 2021,,datacomponent,1.0,,,驱动程序：驱动器元数据,有关驱动程序及其活动的上下文数据，例如驱动程序问题报告或完整性（页面哈希，代码）检查
File,DS0022,"A computer resource object, managed by the I/O system, for storing data (such as images, text, videos, computer programs, or any wide variety of other media).(Citation: Microsoft File Mgmt)",Host,"Linux, Network, Windows, macOS",20 October 2021,,datasource,1.0,https://attack.mitre.org/data-sources/DS0022,Center for Threat-Informed Defense (CTID),文件,由I/O系统管理的计算机资源对象，用于存储数据（例如图像，文本，视频，计算机程序或任何其他媒体）。（引用：Microsoft File MGMT）
File: File Access,,"Opening a file, which makes the file contents available to the requestor (ex: Windows EID 4663)",,,20 October 2021,,datacomponent,1.0,,,文件：文件访问,打开文件，该文件使文件内容可用于请求者（例如：Windows EID 4663）
File: File Creation,,Initial construction of a new file (ex: Sysmon EID 11),,,20 October 2021,,datacomponent,1.0,,,文件：文件创建,新文件的初始构造（例如：Sysmon Eid 11）
File: File Deletion,,"Removal of a file (ex: Sysmon EID 23, macOS ESF EID ES_EVENT_TYPE_AUTH_UNLINK, or Linux commands auditd unlink, rename, rmdir, unlinked, or renameat rules)",,,20 October 2021,,datacomponent,1.0,,,文件：文件删除,删除文件（例如：sysmon eid 23，macOS eSf eid es_event_type_auth_unlink或linux命令auditd unlink，inname，iname，rmdir，unlinked或renAmeat规则）
File: File Metadata,,"Contextual data about a file, which may include information such as name, the content (ex: signature, headers, or data/media), user/ower, permissions, etc.",,,20 October 2021,,datacomponent,1.0,,,文件：文件元数据,有关文件的上下文数据，其中可能包括姓名，内容（例如：签名，标题或数据/媒体），用户/OR，权限等。
File: File Modification,,"Changes made to a file, or its access permissions and attributes, typically to alter the contents of the targeted file (ex: Windows EID 4670 or Sysmon EID 2)",,,20 October 2021,,datacomponent,1.0,,,文件：文件修改,对文件或其访问权限和属性进行的更改通常以更改目标文件的内容（例如：Windows Eid 4670或Sysmon Eid 2）
Firewall,DS0018,"A network security system, running locally on an endpoint or remotely as a service (ex: cloud environment), that monitors and controls incoming/outgoing network traffic based on predefined rules(Citation: AWS Sec Groups VPC)","Cloud Control Plane, Host","Azure AD, Google Workspace, IaaS, Linux, Office 365, SaaS, Windows, macOS",20 October 2021,,datasource,1.0,https://attack.mitre.org/datasources/DS0018,Center for Threat-Informed Defense (CTID),防火墙,网络安全系统，本地在端点或远程运行，作为服务（例如：云环境），该系统基于预定义的规则（citation：aws sec组VPC）监视和控制传入/发出网络流量
Firewall: Firewall Disable,,Deactivation or stoppage of a cloud service (ex: Write/Delete entries within Azure Firewall Activity Logs),,,20 October 2021,,datacomponent,1.0,,,防火墙：防火墙禁用,云服务的停用或停止（例如：azure防火墙活动日志中的写入/删除条目）
Firewall: Firewall Enumeration,,An extracted list of available firewalls and/or their associated settings/rules (ex: Azure Network Firewall CLI Show commands),,,20 October 2021,,datacomponent,1.0,,,防火墙：防火墙枚举,可用防火墙和/或其关联的设置/规则的提取列表（例如：Azure网络防火墙CLI SHOW命令）
Firewall: Firewall Metadata,,"Contextual data about a firewall and activity around it such as name, policy, or status",,,20 October 2021,,datacomponent,1.0,,,防火墙：防火墙元数据,有关防火墙及其活动的上下文数据，例如名称，策略或状态
Firewall: Firewall Rule Modification,,"Changes made to a firewall rule, typically to allow/block specific network traffic (ex: Windows EID 4950 or Write/Delete entries within Azure Firewall Rule Collection Activity Logs)",,,20 October 2021,,datacomponent,1.0,,,防火墙：防火墙规则修改,对防火墙规则进行的更改，通常允许/阻止特定网络流量（例如：Windows EID 4950或在Azure防火墙规则收集活动日志中写入/删除条目）
Firmware,DS0001,"Computer software that provides low-level control for the hardware and device(s) of a host, such as BIOS or UEFI/EFI",Host,"Linux, Windows, macOS",20 October 2021,,datasource,1.0,https://attack.mitre.org/datasources/DS0001,Center for Threat-Informed Defense (CTID),固件,为主机的硬件和设备提供低级控制的计算机软件，例如BIOS或UEFI/EFI
Firmware: Firmware Modification,,"Changes made to firmware, including its settings and/or data, such as MBR (Master Boot Record) and VBR (Volume Boot Record)",,,20 October 2021,,datacomponent,1.0,,,固件：固件修改,对固件的更改，包括其设置和/或数据，例如MBR（Master Boot Record）和VBR（卷引导记录）
Group,DS0036,A collection of multiple user accounts that share the same access rights to the computer and/or network resources and have common security rights(Citation: Amazon IAM Groups),"Cloud Control Plane, Host","Azure AD, Google Workspace, IaaS, Office 365, SaaS, Windows",20 October 2021,,datasource,1.0,https://attack.mitre.org/datasources/DS0036,Center for Threat-Informed Defense (CTID),团体,共享对计算机和/或网络资源的相同访问权的多个用户帐户的集合，并具有共同的安全权（引用：Amazon IAM组）
Group: Group Enumeration,,An extracted list of available groups and/or their associated settings (ex: AWS list-groups),,,20 October 2021,,datacomponent,1.0,,,小组：团体枚举,可用组和/或其关联设置的提取列表（例如：AWS列表组）
Group: Group Metadata,,"Contextual data about a group which describes group and activity around it, such as name, permissions, or user accounts within the group",,,20 October 2021,,datacomponent,1.0,,,小组：小组元数据,有关组的上下文数据，该组描述了围绕该组的组及其活动，例如名称，权限或组中的用户帐户
Group: Group Modification,,"Changes made to a group, such as membership, name, or permissions (ex: Windows EID 4728 or 4732, AWS IAM UpdateGroup)",,,20 October 2021,,datacomponent,1.0,,,小组：组修改,对组的更改，例如会员资格，名称或权限（例如：Windows EID 4728或4732，AWS IAM UpdateGroup）
Image,DS0007,A single file used to deploy a virtual machine/bootable disk into an on-premise or third-party cloud environment(Citation: Microsoft Image)(Citation: Amazon AMI),Cloud Control Plane,IaaS,20 October 2021,,datasource,1.0,https://attack.mitre.org/datasources/DS0007,Center for Threat-Informed Defense (CTID),图片,用于将虚拟机/可引导磁盘部署到本地或第三方云环境中的单个文件（引用：Microsoft Image）（引用：Amazon AMI）
Image: Image Creation,,Initial construction of a virtual machine image (ex: Azure Compute Service Images PUT),,,20 October 2021,,datacomponent,1.0,,,图片：图像创建,虚拟机映像的初始构造（例如：Azure Compute Service图像放置）
Image: Image Deletion,,Removal of a virtual machine image (ex: Azure Compute Service Images DELETE),,,20 October 2021,,datacomponent,1.0,,,图片：图像删除,删除虚拟机映像（例如：Azure Compute Service图像删除）
Image: Image Metadata,,"Contextual data about a virtual machine image such as name, resource group, state, or type",,,20 October 2021,,datacomponent,1.0,,,图片：图像元数据,有关虚拟机映像的上下文数据，例如名称，资源组，状态或类型
Image: Image Modification,,"Changes made to a virtual machine image, including setting and/or control data (ex: Azure Compute Service Images PATCH)",,,20 October 2021,,datacomponent,1.0,,,图像：图像修改,对虚拟机映像进行的更改，包括设置和/或控制数据（例如：Azure Compute Service Images Patch）
Instance,DS0030,"A virtual server environment which runs workloads, hosted on-premise or by third-party cloud providers(Citation: Amazon VM)(Citation: Google VM)",Cloud Control Plane,IaaS,20 October 2021,,datasource,1.0,https://attack.mitre.org/datasources/DS0030,,实例,一个虚拟服务器环境，可以运行工作负载，托管本地或第三方云提供商（引用：Amazon VM）（引用：Google VM）
Instance: Instance Creation,,Initial construction of a new instance (ex: instance.insert within GCP Audit Logs),,,20 October 2021,,datacomponent,1.0,,,实例：实例创建,新实例的初始构造（ex：instance.ships.insert在GCP审核日志中）
Instance: Instance Deletion,,Removal of an instance (ex: instance.delete within GCP Audit Logs),,,20 October 2021,,datacomponent,1.0,,,实例：实例删除,删除实例（ex：enstance.delete在GCP审核日志中）
Instance: Instance Enumeration,,An extracted list of instances within a cloud environment (ex: instance.list within GCP Audit Logs),,,20 October 2021,,datacomponent,1.0,,,实例：实例枚举,在云环境中提取的实例列表（例如：实例：list GCP审核日志中的清单）
Instance: Instance Metadata,,"Contextual data about an instance and activity around it such as name, type, or status",,,20 October 2021,,datacomponent,1.0,,,实例：实例元数据,有关实例及其活动的上下文数据，例如名称，类型或状态
Instance: Instance Modification,,"Changes made to an instance, including its settings and/or control data (ex: instance.addResourcePolicies or instances.setMetadata within GCP Audit Logs)",,,20 October 2021,,datacomponent,1.0,,,实例：实例修改,对实例进行的更改，包括其设置和/或控制数据（ex：instance.addresourcepolicies或instances.setmetadata GCP审核日志）
Instance: Instance Start,,Activation or invocation of an instance (ex: instance.start within GCP Audit Logs),,,20 October 2021,,datacomponent,1.0,,,实例：实例开始,实例的激活或调用（ex：Instance.Start在GCP审核日志中启动）
Instance: Instance Stop,,Deactivation or stoppage of an instance (ex: instance.stop within GCP Audit Logs),,,20 October 2021,,datacomponent,1.0,,,实例：实例停止,实例停用或停止（ex：instance.spop在GCP审核日志中）
Internet Scan,DS0035,Information obtained (commonly via active network traffic probes or web crawling) regarding various types of resources and servers connected to the public Internet,OSINT,PRE,20 October 2021,,datasource,1.0,https://attack.mitre.org/datasources/DS0035,,互联网扫描,有关连接到公共互联网
Internet Scan: Response Content,,Logged network traffic in response to a scan showing both protocol header and body values,,,20 October 2021,,datacomponent,1.0,,,互联网扫描：响应内容,记录网络流量以响应显示协议标头和车身值的扫描
Internet Scan: Response Metadata,,"Contextual data about an Internet-facing resource gathered from a scan, such as running services or ports",,,20 October 2021,,datacomponent,1.0,,,互联网扫描：响应元数据,关于从扫描中收集的面向互联网资源的上下文数据，例如运行服务或端口
Kernel,DS0008,"A computer program, at the core of a computer OS, that resides in memory and facilitates interactions between hardware and software components(Citation: STIG Audit Kernel Modules)(Citation: Init Man Page)",Host,"Linux, macOS",20 October 2021,,datasource,1.0,https://attack.mitre.org/datasources/DS0008,Center for Threat-Informed Defense (CTID),核心,计算机操作系统核心的计算机程序，该程序位于内存中，并促进硬件和软件组件之间的交互（引用：Stig审核内核模块）（引用：INIT MAN页面）
Kernel: Kernel Module Load,,"An object file that contains code to extend the running kernel of an OS, typically used to add support for new hardware (as device drivers) and/or filesystems, or for adding system calls",,,20 October 2021,,datacomponent,1.0,,,内核：内核模块负载,一个包含代码扩展OS运行内核的对象文件，通常用于添加对新硬件（作为设备驱动程序）和/或文件系统的支持，或添加系统调用
Logon Session,DS0028,"Logon occurring on a system or resource (local, domain, or cloud) to which a user/device is gaining access after successful authentication and authorization(Citation: Microsoft Audit Logon Events)","Cloud Control Plane, Host, Network","Azure AD, Google Workspace, IaaS, Linux, Office 365, SaaS, Windows, macOS",20 October 2021,,datasource,1.1,https://attack.mitre.org/data-sources/DS0028,Center for Threat-Informed Defense (CTID),登录会话,在成功身份验证和授权后，在系统或资源（本地，域或云）上发生的登录（本地，域或云）（引用：Microsoft审核登录事件）
Logon Session: Logon Session Creation,,"Initial construction of a successful new user logon following an authentication attempt. (e.g. Windows EID 4624, /var/log/utmp, or /var/log/wmtp)",,,20 October 2021,,datacomponent,1.1,,,登录会话：登录会话创建,经过身份验证尝试后，最初构建成功的新用户登录。 （例如Windows Eid 4624，/var/log/utmp，或/var/log/wmtp）
Logon Session: Logon Session Metadata,,"Contextual data about a logon session, such as username, logon type, access tokens (security context, user SIDs, logon identifiers, and logon SID), and any activity associated within it",,,20 October 2021,,datacomponent,1.0,,,登录会话：登录会话元数据,有关登录会话的上下文数据，例如用户名，登录类型，访问令牌（安全上下文，用户SIDS，登录标识符和登录SID）以及其中关联的任何活动
Malware Repository,DS0004,"Information obtained (via shared or submitted samples) regarding malicious software (droppers, backdoors, etc.) used by adversaries",OSINT,PRE,20 October 2021,,datasource,1.1,https://attack.mitre.org/data-sources/DS0004,,恶意软件存储库,获得有关恶意软件（滴管，后门等）的信息（通过共享或提交的样本）获得的信息
Malware Repository: Malware Content,,"Code, strings, and other signatures that compromise a malicious payload",,,20 October 2021,,datacomponent,1.1,,,恶意软件存储库：恶意软件内容,损害恶意有效载荷的代码，字符串和其他签名
Malware Repository: Malware Metadata,,"Contextual data about a malicious payload, such as compilation times, file hashes, as well as watermarks or other identifiable configuration information",,,20 October 2021,,datacomponent,1.1,,,恶意软件存储库：恶意软件元数据,有关恶意有效载荷的上下文数据，例如编译时间，文件哈希以及水印或其他可识别配置信息
Module,DS0011,"Executable files consisting of one or more shared classes and interfaces, such as portable executable (PE) format binaries/dynamic link libraries (DLL), executable and linkable format (ELF) binaries/shared libraries, and Mach-O format binaries/shared libraries(Citation: Microsoft LoadLibrary)(Citation: Microsoft Module Class)",Host,"Linux, Windows, macOS",20 October 2021,,datasource,1.0,https://attack.mitre.org/datasources/DS0011,Center for Threat-Informed Defense (CTID),模块,可执行文件由一个或多个共享类和接口组成，例如便携式可执行文件（PE）格式二进制/动态链接库（DLL），可执行和可链接的格式（ELF）binaries/shared Librories以及MACH-O GROMAT binaries/sharone binaries/sharone库（引用：Microsoft LoadLibrary）（引文：Microsoft Module类）
Module: Module Load,,"Attaching a module into the memory of a process/program, typically to access shared resources/features provided by the module (ex: Sysmon EID 7)",,,20 October 2021,,datacomponent,1.0,,,模块：模块加载,将模块附加到进程/程序的内存中，通常用于访问模块提供的共享资源/功能（ex：sysmon eid 7）
Named Pipe,DS0023,Mechanisms that allow inter-process communication locally or over the network. A named pipe is usually found as a file and processes attach to it(Citation: Microsoft Named Pipes),Host,"Linux, Windows, macOS",20 October 2021,,datasource,1.0,https://attack.mitre.org/datasources/DS0023,Center for Threat-Informed Defense (CTID),命名管,允许本地或网络上的过程间通信的机制。通常发现命名的管道作为文件，并附加到它的过程（引用：Microsoft命名Pipes）
Named Pipe: Named Pipe Metadata,,"Contextual data about a named pipe on a system, including pipe name and creating process (ex: Sysmon EIDs 17-18)",,,20 October 2021,,datacomponent,1.0,,,命名管：命名管元数据,有关系统上命名管的上下文数据，包括管道名称和创建过程（例如：Sysmon Eids 17-18）
Network Share,DS0033,"A storage resource (typically a folder or drive) made available from one host to others using network protocols, such as Server Message Block (SMB) or Network File System (NFS)(Citation: Microsoft NFS Overview)",Host,"Linux, Windows, macOS",20 October 2021,,datasource,1.0,https://attack.mitre.org/datasources/DS0033,Center for Threat-Informed Defense (CTID),网络共享,使用网络协议，例如服务器消息块（SMB）或网络文件系统（NFS）（引用：Microsoft NFS NFS概述）
Network Share: Network Share Access,,"Opening a network share, which makes the contents available to the requestor (ex: Windows EID 5140 or 5145)",,,20 October 2021,,datacomponent,1.0,,,网络共享：网络共享访问,打开网络共享，这使请求者可用内容（例如：Windows EID 5140或5145）
Network Traffic,DS0029,"Data transmitted across a network (ex: Web, DNS, Mail, File, etc.), that is either summarized (ex: Netflow) and/or captured as raw data in an analyzable format (ex: PCAP)","Cloud Control Plane, Host, Network","IaaS, Linux, Windows, macOS",20 October 2021,,datasource,1.1,https://attack.mitre.org/data-sources/DS0029,Center for Threat-Informed Defense (CTID); ExtraHop,网络流量,跨网络传输的数据（例如：Web，DNS，Mail，File等）是汇总（例如：NetFlow）和/或以可分析格式捕获的原始数据（EX：PCAP）
Network Traffic: Network Connection Creation,,"Initial construction of a network connection, such as capturing socket information with a source/destination IP and port(s) (ex: Windows EID 5156, Sysmon EID 3, or Zeek conn.log)",,,20 October 2021,,datacomponent,1.1,,,网络流量：网络连接创建,网络连接的初始构建，例如使用源/目的地IP和端口捕获套接字信息（例如：Windows EID 5156，Sysmon Eid 3或Zeek Conn.log）
Network Traffic: Network Traffic Content,,Logged network traffic data showing both protocol header and body values (ex: PCAP),,,20 October 2021,,datacomponent,1.0,,,网络流量：网络流量内容,记录的网络流量数据显示协议标头和车身值（例如：PCAP）
Network Traffic: Network Traffic Flow,,"Summarized network packet data, with metrics, such as protocol headers and volume (ex: Netflow or Zeek http.log)",,,20 October 2021,,datacomponent,1.0,,,网络流量：网络流量流,汇总的网络数据包数据，具有指标，例如协议标题和卷（例如：NetFlow或Zeek HTTP.Log）
Persona,DS0021,A malicious online profile representing a user commonly used by adversaries to social engineer or otherwise target victims,OSINT,PRE,20 October 2021,,datasource,1.0,https://attack.mitre.org/datasources/DS0021,,角色,一个恶意的在线个人资料，代表对手常用的用户向社会工程师或以其他方式针对受害者
Persona: Social Media,,"Established, compromised, or otherwise acquired social media personas",,,20 October 2021,,datacomponent,1.0,,,角色：社交媒体,建立，妥协或以其他方式获得社交媒体角色
Pod,DS0014,"A single unit of shared resources within a cluster, comprised of one or more containers(Citation: Kube Kubectl)(Citation: Kube Pod)",Container,Containers,20 October 2021,,datasource,1.0,https://attack.mitre.org/datasources/DS0014,Center for Threat-Informed Defense (CTID),荚,集群中的一个共享资源单位，由一个或多个容器组成（引用：kube kubectl）（引用：kube pod）
Pod: Pod Creation,,Initial construction of a new pod (ex: kubectl apply|run),,,20 October 2021,,datacomponent,1.0,,,豆荚：豆荚创建,新豆荚的初始构造（ex：kubectl应用|运行）
Pod: Pod Enumeration,,An extracted list of pods within a cluster (ex: kubectl get pods),,,20 October 2021,,datacomponent,1.0,,,豆荚：吊舱枚举,集群中的豆荚的提取列表（例如：kubectl获取豆荚）
Pod: Pod Metadata,,"Contextual data about a pod and activity around it such as name, ID, namespace, or status",,,20 October 2021,,datacomponent,1.0,,,豆荚：豆荚元数据,有关POD及其活动的上下文数据，例如名称，ID，名称空间或状态
Pod: Pod Modification,,"Changes made to a pod, including its settings and/or control data (ex: kubectl set|patch|edit)",,,20 October 2021,,datacomponent,1.0,,,POD：POD修改,对POD进行的更改，包括其设置和/或控制数据（例如：kubectl set | patch |编辑）
Process,DS0009,"Instances of computer programs that are being executed by at least one thread. Processes have memory space for process executables, loaded modules (DLLs or shared libraries), and allocated memory regions containing everything from user input to application-specific data structures(Citation: Microsoft Processes and Threads)",Host,"Linux, Windows, macOS",20 October 2021,,datasource,1.1,https://attack.mitre.org/data-sources/DS0009,Center for Threat-Informed Defense (CTID),过程,至少一个线程执行的计算机程序实例。进程具有用于过程可执行文件，加载模块（DLL或共享库）的内存空间，以及分配的内存区域，其中包含从用户输入到应用程序特定数据结构的所有内容（引用：Microsoft流程和线程）
Process: OS API Execution,,"Initial construction of a WMI object, such as a filter, consumer, subscription, binding, or provider (ex: Sysmon EIDs 19-21)",,,20 October 2021,,datacomponent,1.0,,,过程：OS API执行,WMI对象的初始构造，例如过滤器，消费者，订阅，绑定或提供商（例如：Sysmon Eids 19-21）
Process: Process Access,,"Opening of a process by another process, typically to read memory of the target process (ex: Sysmon EID 10)",,,20 October 2021,,datacomponent,1.0,,,过程：过程访问,通过另一个过程打开一个过程，通常读取目标过程的内存（例如：sysmon eid 10）
Process: Process Creation,,"The initial construction of an executable managed by the OS, that may involve one or more tasks or threads. (e.g. Win EID 4688, Sysmon EID 1, cmd.exe > net use, etc.)",,,20 October 2021,,datacomponent,1.1,,,过程：过程创建,由OS管理的可执行文件的初始构造可能涉及一个或多个任务或线程。 （例如Win Eid 4688，Sysmon EID 1，CMD.EXE> Net使用等）
Process: Process Metadata,,"Contextual data about a running process, which may include information such as environment variables, image name, user/owner, etc.",,,20 October 2021,,datacomponent,1.0,,,过程：过程元数据,有关运行过程的上下文数据，其中可能包括环境变量，图像名称，用户/所有者等信息。
Process: Process Modification,,"Changes made to a process, or its contents, typically to write and/or execute code in the memory of the target process (ex: Sysmon EID 8)",,,20 October 2021,,datacomponent,1.0,,,过程：过程修改,对过程或其内容进行的更改通常是在目标过程中编写和/或执行代码（例如：Sysmon Eid 8）
Process: Process Termination,,Exit of a running process (ex: Sysmon EID 5 or Windows EID 4689),,,20 October 2021,,datacomponent,1.0,,,过程：过程终止,运行过程的退出（例如：Sysmon Eid 5或Windows Eid 4689）
Scheduled Job,DS0003,"Automated tasks that can be executed at a specific time or on a recurring schedule running in the background (ex: Cron daemon, task scheduler, BITS)(Citation: Microsoft Tasks)","Container, Host","Containers, Linux, Windows, macOS",20 October 2021,,datasource,1.0,https://attack.mitre.org/datasources/DS0003,Center for Threat-Informed Defense (CTID),计划的工作,可以在特定时间或在后台运行的重复时间表执行的自动任务（例如：cron守护程序，任务调度程序，位）（引用：Microsoft Tasks）
Scheduled Job: Scheduled Job Creation,,Initial construction of a new scheduled job (ex: Windows EID 4698 or /var/log cron logs),,,20 October 2021,,datacomponent,1.0,,,计划的工作：预定的工作创造,最初的新计划作业（例如：Windows EID 4698或 /var /log cron日志）
Scheduled Job: Scheduled Job Metadata,,"Contextual data about a scheduled job, which may include information such as name, timing, command(s), etc.",,,20 October 2021,,datacomponent,1.0,,,计划的工作：计划的作业元数据,有关计划作业的上下文数据，其中可能包括姓名，时机，命令等信息。
Scheduled Job: Scheduled Job Modification,,"Changes made to a scheduled job, such as modifications to the execution launch (ex: Windows EID 4702 or /var/log cron logs)",,,20 October 2021,,datacomponent,1.0,,,预定作业：预定的作业修改,对计划作业进行的更改，例如对执行启动的修改（例如：Windows EID 4702或 /var /log cron logs）
Script,DS0012,"A file or stream containing a list of commands, allowing them to be launched in sequence(Citation: Microsoft PowerShell Logging)(Citation: FireEye PowerShell Logging)(Citation: Microsoft AMSI)",Host,Windows,20 October 2021,,datasource,1.1,https://attack.mitre.org/data-sources/DS0012,Center for Threat-Informed Defense (CTID),脚本,包含命令列表的文件或流，允许它们按顺序启动（引用：Microsoft PowerShell记录）（引用：FireEye PowerShell记录）（引用：Microsoft AMSI）
Script: Script Execution,,"The execution of a text file that contains code via the interpreter (e.g. Powershell, WMI, Windows EID 4104, etc.)",,,20 October 2021,,datacomponent,1.1,,,脚本：脚本执行,通过解释器（例如PowerShell，WMI，Windows Eid 4104等）执行包含代码的文本文件
Sensor Health,DS0013,"Information from host telemetry providing insights about system status, errors, or other notable functional activity",Host,"Linux, Windows, macOS",20 October 2021,,datasource,1.1,https://attack.mitre.org/data-sources/DS0013,Center for Threat-Informed Defense (CTID),传感器健康,主机遥测的信息提供有关系统状态，错误或其他显着功能活动的见解
Sensor Health: Host Status,,"Logging, messaging, and other artifacts highlighting the health of host sensors (ex: metrics, errors, and/or exceptions from logging applications)",,,20 October 2021,,datacomponent,1.1,,,传感器健康：主机状态,记录，消息传递和其他工件突出了主机传感器的健康状况（例如：测量应用程序的指标，错误和/或例外）
Service,DS0019,"A computer process that is configured to execute continuously in the background and perform system tasks, in some cases before any user has logged in(Citation: Microsoft Services)(Citation: Linux Services Run Levels)",Host,"Linux, Windows, macOS",20 October 2021,,datasource,1.0,https://attack.mitre.org/datasources/DS0019,Center for Threat-Informed Defense (CTID),服务,在任何用户登录之前（引用：​​Microsoft Services）（引用：Linux Services运行级别），在某些情况下，配置为在后台连续执行并执行系统任务的计算机流程，在某些情况下执行系统任务。
Service: Service Creation,,Initial construction of a new service/daemon (ex: Windows EID 4697 or /var/log daemon logs),,,20 October 2021,,datacomponent,1.0,,,服务：服务创造,新服务/守护程序的初始构造（例如：Windows EID 4697或/var/log Daemon日志）
Service: Service Metadata,,"Contextual data about a service/daemon, which may include information such as name, service executable, start type, etc.",,,20 October 2021,,datacomponent,1.0,,,服务：服务元数据,有关服务/守护程序的上下文数据，其中可能包括姓名，服务可执行文件，启动类型等信息。
Service: Service Modification,,"Changes made to a service/daemon, such as changes to name, description, and/or start type (ex: Windows EID 7040 or /var/log daemon logs)",,,20 October 2021,,datacomponent,1.0,,,服务：服务修改,对服务/守护程序进行的更改，例如名称，描述和/或启动类型的更改（例如：Windows EID 7040或/var/log Daemon日志）
Snapshot,DS0020,"A point-in-time copy of cloud volumes (files, settings, etc.) that can be created and/or deployed in cloud environments(Citation: Microsoft Snapshot)(Citation: Amazon Snapshots)",Cloud Control Plane,IaaS,20 October 2021,,datasource,1.0,https://attack.mitre.org/datasources/DS0020,Center for Threat-Informed Defense (CTID),快照,可以在云环境中创建和/或部署的云卷（文件，设置等）的时间点副本（引用：Microsoft快照）（引用：Amazon快照）
Snapshot: Snapshot Creation,,Initial construction of a new snapshot (ex: AWS create-snapshot),,,20 October 2021,,datacomponent,1.0,,,快照：快照创建,新快照的初始构造（ex：aws create-snapshot）
Snapshot: Snapshot Deletion,,Removal of a snapshot (ex: AWS delete-snapshot),,,20 October 2021,,datacomponent,1.0,,,快照：快照删除,删除快照（ex：AWS删除snapshot）
Snapshot: Snapshot Enumeration,,An extracted list of snapshops within a cloud environment (ex: AWS describe-snapshots),,,20 October 2021,,datacomponent,1.0,,,快照：快照枚举,在云环境中提取的快照列表（例如：AWS desid-snapshots）
Snapshot: Snapshot Metadata,,"Contextual data about a snapshot, which may include information such as ID, type, and status",,,20 October 2021,,datacomponent,1.0,,,快照：快照元数据,有关快照的上下文数据，其中可能包括ID，类型和状态等信息
Snapshot: Snapshot Modification,,"Changes made to a snapshop, such as metadata and control data (ex: AWS modify-snapshot-attribute)",,,20 October 2021,,datacomponent,1.0,,,快照：快照修改,对快照的更改，例如元数据和控制数据（例如：AWS Modify-Snapshot-Attribute）
User Account,DS0002,"A profile representing a user, device, service, or application used to authenticate and access resources","Cloud Control Plane, Container, Host","Azure AD, Containers, Google Workspace, IaaS, Linux, Office 365, SaaS, Windows, macOS",20 October 2021,,datasource,1.1,https://attack.mitre.org/data-sources/DS0002,Center for Threat-Informed Defense (CTID),用户帐号,代表用户，设备，服务或应用程序来验证和访问资源的配置文件
User Account: User Account Authentication,,"An attempt by a user to gain access to a network or computing resource, often by providing credentials (ex: Windows EID 4776 or /var/log/auth.log)",,,20 October 2021,,datacomponent,1.1,,,用户帐户：用户帐户身份验证,用户通常通过提供凭据来访问网络或计算资源的尝试（例如：Windows EID 4776或/var/log/auth.log）
User Account: User Account Creation,,Initial construction of a new account (ex: Windows EID 4720 or /etc/passwd logs),,,20 October 2021,,datacomponent,1.0,,,用户帐户：用户帐户创建,新帐户的初始构建（例如：Windows Eid 4720或 /etc /passwd日志）
User Account: User Account Deletion,,Removal of an account (ex: Windows EID 4726 or /var/log access/authentication logs),,,20 October 2021,,datacomponent,1.0,,,用户帐户：用户帐户删除,删除帐户（例如：Windows EID 4726或/var/log访问/身份验证日志）
User Account: User Account Metadata,,"Contextual data about an account, which may include a username, user ID, environmental data, etc.",,,20 October 2021,,datacomponent,1.0,,,用户帐户：用户帐户元数据,有关帐户的上下文数据，其中可能包括用户名，用户ID，环境数据等。
User Account: User Account Modification,,"Changes made to an account, such as permissions and/or membership in specific groups (ex: Windows EID 4738 or /var/log access/authentication logs)",,,20 October 2021,,datacomponent,1.0,,,用户帐户：用户帐户修改,对帐户进行的更改，例如特定组的权限和/或会员资格（例如：Windows EID 4738或/var/log访问/身份验证日志）
Volume,DS0034,"Block object storage hosted on-premise or by third-party providers, typically made available to resources as virtualized hard drives(Citation: Amazon S3)(Citation: Azure Blob Storage)(Citation: Google Cloud Storage)","Cloud Control Plane, Host","IaaS, Linux, Windows, macOS",20 October 2021,,datasource,1.0,https://attack.mitre.org/datasources/DS0034,Center for Threat-Informed Defense (CTID),体积,块对象存储托管本地或第三方提供商，通常可作为虚拟化硬盘驱动器（引用：Amazon S3）提供资源（引用：Azure Blob Storage）（引用：Google Cloud Storage）
Volume: Volume Creation,,Initial construction of a cloud volume (ex: AWS create-volume),,,20 October 2021,,datacomponent,1.0,,,卷：创建卷,云体积的初始构造（例如：AWS创建体积）
Volume: Volume Deletion,,Removal of a a cloud volume (ex: AWS delete-volume),,,20 October 2021,,datacomponent,1.0,,,卷：卷删除,删除云音量（例如：AWS删除数量）
Volume: Volume Enumeration,,An extracted list of available volumes within a cloud environment (ex: AWS describe-volumes),,,20 October 2021,,datacomponent,1.0,,,卷：枚举,云环境中可用卷的提取列表（例如：AWS描述 - 卷）
Volume: Volume Metadata,,"Contextual data about a cloud volume and activity around it, such as id, type, state, and size",,,20 October 2021,,datacomponent,1.0,,,音量：量元数据,有关云音量及其周围活动的上下文数据，例如ID，类型，状态和大小
Volume: Volume Modification,,"Changes made to a cloud volume, including its settings and control data (ex: AWS modify-volume)",,,20 October 2021,,datacomponent,1.0,,,卷：修改卷,对云量的更改，包括其设置和控制数据（例如：AWS修改 - 体积）
WMI,DS0005,The infrastructure for management data and operations that enables local and remote management of Windows personal computers and servers(Citation: Microsoft WMI System Classes)(Citation: Microsoft WMI Architecture),Host,Windows,20 October 2021,,datasource,1.0,https://attack.mitre.org/datasources/DS0005,Center for Threat-Informed Defense (CTID),WMI,管理数据和操作的基础架构，可实现Windows个人计算机和服务器的本地和远程管理（引用：Microsoft WMI系统类）（引用：Microsoft WMI架构）
WMI: WMI Creation,,"Initial construction of a WMI object, such as a filter, consumer, subscription, binding, or provider (ex: Sysmon EIDs 19-21)",,,20 October 2021,,datacomponent,1.0,,,WMI：WMI创建,WMI对象的初始构造，例如过滤器，消费者，订阅，绑定或提供商（例如：Sysmon Eids 19-21）
Web Credential,DS0006,"Credential material, such as session cookies or tokens, used to authenticate to web applications and services(Citation: Medium Authentication Tokens)(Citation: Auth0 Access Tokens)","Cloud Control Plane, Host","Azure AD, Google Workspace, Linux, Office 365, SaaS, Windows, macOS",20 October 2021,,datasource,1.0,https://attack.mitre.org/datasources/DS0006,,网络凭据,凭证材料，例如会话cookie或令牌，用于对Web应用程序和服务进行身份验证（引用：媒体身份验证令牌）（引用：auth0访问令牌）
Web Credential: Web Credential Creation,,Initial construction of new web credential material (ex: Windows EID 1200 or 4769),,,20 October 2021,,datacomponent,1.0,,,网络凭据：Web凭据创建,新的Web凭据材料的初始构建（例如：Windows EID 1200或4769）
Web Credential: Web Credential Usage,,An attempt by a user to gain access to a network or computing resource by providing web credentials (ex: Windows EID 1202),,,20 October 2021,,datacomponent,1.0,,,网络凭据：网络凭据使用,用户尝试通过提供Web凭据来获得对网络或计算资源的访问（例如：Windows EID 1202）
Windows Registry,DS0024,"A Windows OS hierarchical database that stores much of the information and settings for software programs, hardware devices, user preferences, and operating-system configurations(Citation: Microsoft Registry)",Host,Windows,20 October 2021,,datasource,1.0,https://attack.mitre.org/datasources/DS0024,,Windows注册表,Windows OS层次数据库，该数据库存储软件程序，硬件设备，用户首选项和操作系统配置的许多信息和设置（引用：Microsoft Registry）
Windows Registry: Windows Registry Key Access,,"Opening a Registry Key, typically to read the associated value (ex: Windows EID 4656)",,,20 October 2021,,datacomponent,1.0,,,Windows注册表：Windows注册表密钥访问,打开注册表密钥，通常用于读取关联的值（例如：Windows EID 4656）
Windows Registry: Windows Registry Key Creation,,Initial construction of a new Registry Key (ex: Windows EID 4656 or Sysmon EID 12),,,20 October 2021,,datacomponent,1.0,,,Windows注册表：Windows注册表密钥创建,新注册表的初始构造（例如：Windows EID 4656或Sysmon Eid 12）
Windows Registry: Windows Registry Key Deletion,,Removal of a Registry Key (ex: Windows EID 4658 or Sysmon EID 12),,,20 October 2021,,datacomponent,1.0,,,Windows注册表：Windows注册表密钥删除,删除注册表密钥（例如：Windows EID 4658或Sysmon Eid 12）
Windows Registry: Windows Registry Key Modification,,Changes made to a Registry Key and/or Key value (ex: Windows EID 4657 or Sysmon EID 13|14),,,20 October 2021,,datacomponent,1.0,,,Windows注册表：Windows注册表密钥修改,对注册表密钥和/或钥匙值进行的更改（例如：Windows Eid 4657或Sysmon Eid 13 | 14）
